T1OdPlatna;/Fotogalerie/budovy/skolni_101/T1.webp;webp;T1 
T1OdDveri;/Fotogalerie/budovy/skolni_101/T1_2.webp;webp;T1 
T2OdDveri;/Fotogalerie/budovy/skolni_101/T2.webp;webp;T2 
T2OdOken;/Fotogalerie/budovy/skolni_101/T2_2.webp;webp;T2 
T5OdKatedry;/Fotogalerie/budovy/skolni_101/T5.webp;webp;T5 
T5OdDveri;/Fotogalerie/budovy/skolni_101/T5_2.webp;webp;T5 
T6OdDveri;/Fotogalerie/budovy/skolni_101/T6.webp;webp;T6 
T6OdKatedry;/Fotogalerie/budovy/skolni_101/T6_2.webp;webp;T6 
T7OdKonce;/Fotogalerie/budovy/skolni_101/T7.webp;webp;T7 
T7OdKatedry;/Fotogalerie/budovy/skolni_101/T7_2.webp;webp;T7 
T8OdKatedry;/Fotogalerie/budovy/skolni_101/T8.webp;webp;T8 
T8OdDveri;/Fotogalerie/budovy/skolni_101/T8_2.webp;webp;T8 
T9OdKatedry;/Fotogalerie/budovy/skolni_101/T9.webp;webp;T9 
T9OdKonce;/Fotogalerie/budovy/skolni_101/T9_2.webp;webp;T9 
T10OdKatedry;/Fotogalerie/budovy/skolni_101/T10.webp;webp;T10 
T10OdDveri;/Fotogalerie/budovy/skolni_101/T10_2.webp;webp;T10 
T11OdKonce;/Fotogalerie/budovy/skolni_101/T11.webp;webp;T11 
T11OdPlatna;/Fotogalerie/budovy/skolni_101/T11_2.webp;webp;T11 
T15OdPlatna;/Fotogalerie/budovy/skolni_101/T15.webp;webp;T15 
T15OdDveri;/Fotogalerie/budovy/skolni_101/T15_2.webp;webp;T15 
T16OdPlatna;/Fotogalerie/budovy/skolni_101/T16.webp;webp;T16 
T16OdKonce;/Fotogalerie/budovy/skolni_101/T16_2.webp;webp;T16 
T17OdKatedry;/Fotogalerie/budovy/skolni_101/T17.webp;webp;T17 
T17OdDveri;/Fotogalerie/budovy/skolni_101/T17_2.webp;webp;T17 
E1OdDveri;/Fotogalerie/budovy/horska_59/E1.webp;webp;E1 
E1OdKatedry;/Fotogalerie/budovy/horska_59/E1_2.webp;webp;E1 
E1Cedule;/Fotogalerie/budovy/horska_59/E1_dvere.webp;webp;E1 
E2OdKatedry;/Fotogalerie/budovy/horska_59/E2.webp;webp;E2 
E2OdKonce;/Fotogalerie/budovy/horska_59/E2_2.webp;webp;E2 
E2Cedule;/Fotogalerie/budovy/horska_59/E2_dvere.webp;webp;E2 
E3OdDveri;/Fotogalerie/budovy/horska_59/E3.webp;webp;E3 
E3OdKatedry;/Fotogalerie/budovy/horska_59/E3_2.webp;webp;E3 
E3Cedule;/Fotogalerie/budovy/horska_59/E3_dvere.webp;webp;E3 
E4OdKatedry;/Fotogalerie/budovy/horska_59/E4.webp;webp;E4 
E4OdKonce;/Fotogalerie/budovy/horska_59/E4_2.webp;webp;E4 
E4Cedule;/Fotogalerie/budovy/horska_59/E4_dvere.webp;webp;E4 
F1OdKatedry;/Fotogalerie/budovy/horska_59/F1.webp;webp;F1 
F1OdDveri;/Fotogalerie/budovy/horska_59/F1_2.webp;webp;F1 
F1Cedule;/Fotogalerie/budovy/horska_59/F1_dvere.webp;webp;F1 
F2OdKatedry;/Fotogalerie/budovy/horska_59/F2.webp;webp;F2 
F2OdKonce;/Fotogalerie/budovy/horska_59/F2_2.webp;webp;F2 
F2Cedule;/Fotogalerie/budovy/horska_59/F2_dvere.webp;webp;F2 
F5OdKonce;/Fotogalerie/budovy/horska_59/F5.webp;webp;F5 
F5Cedule;/Fotogalerie/budovy/horska_59/F5_dvere.webp;webp;F5 
F6OdKonce;/Fotogalerie/budovy/horska_59/F6.webp;webp;F6 
F6OdKatedry;/Fotogalerie/budovy/horska_59/F6_2.webp;webp;F6 
F6Cedule;/Fotogalerie/budovy/horska_59/F6_dvere.webp;webp;F6 
F14OdPlatna;/Fotogalerie/budovy/horska_59/F14.webp;webp;F14 
F14Cedule;/Fotogalerie/budovy/horska_59/F14_dvere.webp;webp;F14 
G1OdDveri;/Fotogalerie/budovy/horska_59/G1.webp;webp;G1 
G1Odskrini;/Fotogalerie/budovy/horska_59/G1_2.webp;webp;G1 
G1Cedule;/Fotogalerie/budovy/horska_59/G1_dvere.webp;webp;G1 
G4OdDveri;/Fotogalerie/budovy/horska_59/G4.webp;webp;G4 
G4Cedule;/Fotogalerie/budovy/horska_59/G4_dvere.webp;webp;G4 
G5OdDveri;/Fotogalerie/budovy/horska_59/G5.webp;webp;G5 
G5Cedule;/Fotogalerie/budovy/horska_59/G5_dvere.webp;webp;G5 
G7Cedule;/Fotogalerie/budovy/horska_59/G7_dvere.webp;webp;G7 
B7OdKonce;/Fotogalerie/budovy/horska_618/B7.webp;webp;B7 
B9OdDveri;/Fotogalerie/budovy/horska_618/B9.webp;webp;B9 
B9OdKonce;/Fotogalerie/budovy/horska_618/B9_2.webp;webp;B9 
B25OdTabule;/Fotogalerie/budovy/horska_618/B25.webp;webp;B25 
C7OdTabule;/Fotogalerie/budovy/horska_618/C7.webp;webp;C7 
C8OdDveri;/Fotogalerie/budovy/horska_618/C8.webp;webp;C8 
C8OdPlatna;/Fotogalerie/budovy/horska_618/C8_2.webp;webp;C8 
C25OdKonce;/Fotogalerie/budovy/horska_618/C25.webp;webp;C25 
C27OdKonce;/Fotogalerie/budovy/horska_618/C27.webp;webp;C27